year,directory,name,back1,back2,back3,back4
2018,https://gismaps.vdem.virginia.gov/download/mrsid/2018/North/200/,n16_06.2018.zip,s13_43.2018.zip,s13,43,2018.zip
2018,https://gismaps.vdem.virginia.gov/download/mrsid/2018/North/200/,n16_07.2018.zip,s13_44.2018.zip,s13,44,2018.zip
2018,https://gismaps.vdem.virginia.gov/download/mrsid/2018/North/200/,n16_16.2018.zip,s13_45.2018.zip,s13,45,2018.zip
2018,https://gismaps.vdem.virginia.gov/download/mrsid/2018/North/200/,n16_17.2018.zip,s13_46.2018.zip,s13,46,2018.zip
2018,https://gismaps.vdem.virginia.gov/download/mrsid/2018/North/200/,n16_18.2018.zip,s13_47.2018.zip,s13,47,2018.zip
2018,https://gismaps.vdem.virginia.gov/download/mrsid/2018/North/200/,n16_19.2018.zip,s13_48.2018.zip,s13,48,2018.zip
2018,https://gismaps.vdem.virginia.gov/download/mrsid/2018/North/200/,n16_26.2018.zip,s13_49.2018.zip,s13,49,2018.zip
2018,https://gismaps.vdem.virginia.gov/download/mrsid/2018/North/200/,n16_27.2018.zip,s13_53.2018.zip,s13,53,2018.zip
2018,https://gismaps.vdem.virginia.gov/download/mrsid/2018/North/200/,n16_28.2018.zip,s13_54.2018.zip,s13,54,2018.zip
2018,https://gismaps.vdem.virginia.gov/download/mrsid/2018/North/200/,n16_29.2018.zip,s13_55.2018.zip,s13,55,2018.zip
2018,https://gismaps.vdem.virginia.gov/download/mrsid/2018/North/200/,n16_36.2018.zip,s13_56.2018.zip,s13,56,2018.zip
2018,https://gismaps.vdem.virginia.gov/download/mrsid/2018/North/200/,n16_37.2018.zip,s13_57.2018.zip,s13,57,2018.zip
2018,https://gismaps.vdem.virginia.gov/download/mrsid/2018/North/200/,n16_38.2018.zip,s13_58.2018.zip,s13,58,2018.zip
2018,https://gismaps.vdem.virginia.gov/download/mrsid/2018/North/200/,N16_39.2018.zip,s13_59.2018.zip,s13,59,2018.zip
2018,https://gismaps.vdem.virginia.gov/download/mrsid/2018/North/200/,N16_47.2018.zip,s13_63.2018.zip,s13,63,2018.zip
2018,https://gismaps.vdem.virginia.gov/download/mrsid/2018/North/200/,N16_48.2018.zip,s13_64.2018.zip,s13,64,2018.zip
2018,https://gismaps.vdem.virginia.gov/download/mrsid/2018/North/200/,N16_49.2018.zip,s13_65.2018.zip,s13,65,2018.zip
2018,https://gismaps.vdem.virginia.gov/download/mrsid/2018/North/200/,N16_57.2018.zip,s13_66.2018.zip,s13,66,2018.zip
2018,https://gismaps.vdem.virginia.gov/download/mrsid/2018/North/200/,N16_58.2018.zip,s13_67.2018.zip,s13,67,2018.zip
2018,https://gismaps.vdem.virginia.gov/download/mrsid/2018/North/200/,N16_59.2018.zip,s13_68.2018.zip,s13,68,2018.zip
2018,https://gismaps.vdem.virginia.gov/download/mrsid/2018/North/200/,N16_67.2018.zip,s13_69.2018.zip,s13,69,2018.zip
2018,https://gismaps.vdem.virginia.gov/download/mrsid/2018/North/200/,N16_68.2018.zip,s13_73.2018.zip,s13,73,2018.zip
2018,https://gismaps.vdem.virginia.gov/download/mrsid/2018/North/200/,N16_69.2018.zip,s13_74.2018.zip,s13,74,2018.zip
2018,https://gismaps.vdem.virginia.gov/download/mrsid/2018/North/200/,N16_77.2018.zip,s13_75.2018.zip,s13,75,2018.zip
2018,https://gismaps.vdem.virginia.gov/download/mrsid/2018/North/200/,N16_78.2018.zip,s13_76.2018.zip,s13,76,2018.zip
2018,https://gismaps.vdem.virginia.gov/download/mrsid/2018/North/200/,N16_79.2018.zip,s13_78.2018.zip,s13,78,2018.zip
2018,https://gismaps.vdem.virginia.gov/download/mrsid/2018/North/200/,N17_30.2018.zip,s13_79.2018.zip,s13,79,2018.zip
2018,https://gismaps.vdem.virginia.gov/download/mrsid/2018/North/200/,N17_40.2018.zip,,,,
2018,https://gismaps.vdem.virginia.gov/download/mrsid/2018/North/200/,N17_41.2018.zip,,,,
2018,https://gismaps.vdem.virginia.gov/download/mrsid/2018/North/200/,n17_50.2018.zip,,,,
2018,https://gismaps.vdem.virginia.gov/download/mrsid/2018/North/200/,N17_51.2018.zip,s03_24.2019.zip,s03,24,2019.zip
2018,https://gismaps.vdem.virginia.gov/download/mrsid/2018/North/200/,N17_52.2018.zip,s03_33.2019.zip,s03,33,2019.zip
2018,https://gismaps.vdem.virginia.gov/download/mrsid/2018/North/200/,N17_60.2018.zip,s03_34.2019.zip,s03,34,2019.zip
2018,https://gismaps.vdem.virginia.gov/download/mrsid/2018/North/200/,N17_61.2018.zip,s03_43.2019.zip,s03,43,2019.zip
2018,https://gismaps.vdem.virginia.gov/download/mrsid/2018/North/200/,N17_70.2018.zip,s03_44.2019.zip,s03,44,2019.zip
2018,https://gismaps.vdem.virginia.gov/download/mrsid/2018/North/050/,n16_36.2018.zip,s03_54.2019.zip,s03,54,2019.zip
2018,https://gismaps.vdem.virginia.gov/download/mrsid/2018/North/050/,n16_37_East.2018.zip,s03_73.2019.zip,s03,73,2019.zip
2018,https://gismaps.vdem.virginia.gov/download/mrsid/2018/North/050/,n16_37_West.2018.zip,s03_74.2019.zip,s03,74,2019.zip
2018,https://gismaps.vdem.virginia.gov/download/mrsid/2018/North/050/,n16_38.2018.zip,s03_75.2019.zip,s03,75,2019.zip
2018,https://gismaps.vdem.virginia.gov/download/mrsid/2018/North/050/,n16_46.2018.zip,s03_84.2019.zip,s03,84,2019.zip
2018,https://gismaps.vdem.virginia.gov/download/mrsid/2018/North/050/,n16_47.2018.zip,s03_85.2019.zip,s03,85,2019.zip
2018,https://gismaps.vdem.virginia.gov/download/mrsid/2018/North/050/,n17_50.2018.zip,s03_95.2019.zip,s03,95,2019.zip
2018,https://gismaps.vdem.virginia.gov/download/mrsid/2018/,PLEASE_READ_VBMP_Imagery_usage.txt,s13_26.2019.zip,s13,26,2019.zip
2018,https://gismaps.vdem.virginia.gov/download/mrsid/2018/,VBMP_2018_Flight_Dates.gdb.zip,s13_27.2019.zip,s13,27,2019.zip
2018,https://gismaps.vdem.virginia.gov/download/mrsid/2018/,VBMP_2018_Flight_Dates_Shapefile.zip,s13_36.2019.zip,s13,36,2019.zip
2018,https://gismaps.vdem.virginia.gov/download/mrsid/2018/,VBMP_2018_Metadata.zip,,,,
2018,https://gismaps.vdem.virginia.gov/download/mrsid/2018/,VBMP_2018_Tile_Index.gdb.zip,,,,
2018,https://gismaps.vdem.virginia.gov/download/mrsid/2018/,VBMP_2018_Tile_Index_shapefile.zip,,,,
2018,https://gismaps.vdem.virginia.gov/download/mrsid/2018/South/050/,s13_28.2018.zip,s03_04.2019.zip,s03,4,2019.zip
2018,https://gismaps.vdem.virginia.gov/download/mrsid/2018/South/050/,s13_48.2018.zip,s03_14.2019.zip,s03,14,2019.zip
2018,https://gismaps.vdem.virginia.gov/download/mrsid/2018/South/050/,s13_49_Center.2018.zip,s03_15.2019.zip,s03,15,2019.zip
2018,https://gismaps.vdem.virginia.gov/download/mrsid/2018/South/050/,s13_49_East.2018.zip,s03_24.2019.zip,s03,24,2019.zip
2018,https://gismaps.vdem.virginia.gov/download/mrsid/2018/South/050/,s13_49_West.2018.zip,s03_25.2019.zip,s03,25,2019.zip
2018,https://gismaps.vdem.virginia.gov/download/mrsid/2018/South/050/,s13_58.2018.zip,s03_26.2019.zip,s03,26,2019.zip
2018,https://gismaps.vdem.virginia.gov/download/mrsid/2018/South/050/,s13_59.2018.zip,s03_33.2019.zip,s03,33,2019.zip
2018,https://gismaps.vdem.virginia.gov/download/mrsid/2018/South/100/,s13_26.2018.zip,s03_34.2019.zip,s03,34,2019.zip
2018,https://gismaps.vdem.virginia.gov/download/mrsid/2018/South/100/,s13_46.2018.zip,s03_35.2019.zip,s03,35,2019.zip
2018,https://gismaps.vdem.virginia.gov/download/mrsid/2018/South/100/,s13_56.2018.zip,s03_36.2019.zip,s03,36,2019.zip
2018,https://gismaps.vdem.virginia.gov/download/mrsid/2018/South/200/,s13_06.2018.zip,s03_43.2019.zip,s03,43,2019.zip
2018,https://gismaps.vdem.virginia.gov/download/mrsid/2018/South/200/,s13_15.2018.zip,s03_44.2019.zip,s03,44,2019.zip
2018,https://gismaps.vdem.virginia.gov/download/mrsid/2018/South/200/,S13_16.2018.zip,s03_45.2019.zip,s03,45,2019.zip
2018,https://gismaps.vdem.virginia.gov/download/mrsid/2018/South/200/,S13_17.2018.zip,s03_46.2019.zip,s03,46,2019.zip
2018,https://gismaps.vdem.virginia.gov/download/mrsid/2018/South/200/,S13_18.2018.zip,s03_47.2019.zip,s03,47,2019.zip
2018,https://gismaps.vdem.virginia.gov/download/mrsid/2018/South/200/,S13_19.2018.zip,s03_53.2019.zip,s03,53,2019.zip
2018,https://gismaps.vdem.virginia.gov/download/mrsid/2018/South/200/,S13_23.2018.zip,s03_54.2019.zip,s03,54,2019.zip
2018,https://gismaps.vdem.virginia.gov/download/mrsid/2018/South/200/,S13_24.2018.zip,s03_55.2019.zip,s03,55,2019.zip
2018,https://gismaps.vdem.virginia.gov/download/mrsid/2018/South/200/,S13_25.2018.zip,s03_56.2019.zip,s03,56,2019.zip
2018,https://gismaps.vdem.virginia.gov/download/mrsid/2018/South/200/,s13_26.2018.zip,s03_63.2019.zip,s03,63,2019.zip
2018,https://gismaps.vdem.virginia.gov/download/mrsid/2018/South/200/,S13_27.2018.zip,s03_64.2019.zip,s03,64,2019.zip
2018,https://gismaps.vdem.virginia.gov/download/mrsid/2018/South/200/,s13_28.2018.zip,s03_65.2019.zip,s03,65,2019.zip
2018,https://gismaps.vdem.virginia.gov/download/mrsid/2018/South/200/,S13_29.2018.zip,s03_66.2019.zip,s03,66,2019.zip
2018,https://gismaps.vdem.virginia.gov/download/mrsid/2018/South/200/,S13_33.2018.zip,s03_73.2019.zip,s03,73,2019.zip
2018,https://gismaps.vdem.virginia.gov/download/mrsid/2018/South/200/,S13_34.2018.zip,s03_74.2019.zip,s03,74,2019.zip
2018,https://gismaps.vdem.virginia.gov/download/mrsid/2018/South/200/,S13_35.2018.zip,s03_75.2019.zip,s03,75,2019.zip
2018,https://gismaps.vdem.virginia.gov/download/mrsid/2018/South/200/,S13_36.2018.zip,s03_76.2019.zip,s03,76,2019.zip
2018,https://gismaps.vdem.virginia.gov/download/mrsid/2018/South/200/,S13_37.2018.zip,s03_83.2019.zip,s03,83,2019.zip
2018,https://gismaps.vdem.virginia.gov/download/mrsid/2018/South/200/,S13_38.2018.zip,s03_84.2019.zip,s03,84,2019.zip
2018,https://gismaps.vdem.virginia.gov/download/mrsid/2018/South/200/,S13_39.2018.zip,s03_85.2019.zip,s03,85,2019.zip
2018,https://gismaps.vdem.virginia.gov/download/mrsid/2018/South/200/,s13_43.2018.zip,s03_86.2019.zip,s03,86,2019.zip
2018,https://gismaps.vdem.virginia.gov/download/mrsid/2018/South/200/,s13_44.2018.zip,s03_87.2019.zip,s03,87,2019.zip
2018,https://gismaps.vdem.virginia.gov/download/mrsid/2018/South/200/,s13_45.2018.zip,s03_93.2019.zip,s03,93,2019.zip
2018,https://gismaps.vdem.virginia.gov/download/mrsid/2018/South/200/,s13_46.2018.zip,s03_94.2019.zip,s03,94,2019.zip
2018,https://gismaps.vdem.virginia.gov/download/mrsid/2018/South/200/,s13_47.2018.zip,s03_95.2019.zip,s03,95,2019.zip
2018,https://gismaps.vdem.virginia.gov/download/mrsid/2018/South/200/,s13_48.2018.zip,s03_96.2019.zip,s03,96,2019.zip
2018,https://gismaps.vdem.virginia.gov/download/mrsid/2018/South/200/,s13_49.2018.zip,s03_97.2019.zip,s03,97,2019.zip
2018,https://gismaps.vdem.virginia.gov/download/mrsid/2018/South/200/,s13_53.2018.zip,s03_98.2019.zip,s03,98,2019.zip
2018,https://gismaps.vdem.virginia.gov/download/mrsid/2018/South/200/,s13_54.2018.zip,s13_03.2019.zip,s13_03.2019.zip,3,2019.zip
2018,https://gismaps.vdem.virginia.gov/download/mrsid/2018/South/200/,s13_55.2018.zip,S13_04.2019.zip,S13_04.2019.zip,4,2019.zip
2018,https://gismaps.vdem.virginia.gov/download/mrsid/2018/South/200/,s13_56.2018.zip,S13_05.2019.zip,S13_05.2019.zip,5,2019.zip
2018,https://gismaps.vdem.virginia.gov/download/mrsid/2018/South/200/,s13_57.2018.zip,S13_06.2019.zip,S13_06.2019.zip,6,2019.zip
2018,https://gismaps.vdem.virginia.gov/download/mrsid/2018/South/200/,s13_58.2018.zip,S13_07.2019.zip,S13_07.2019.zip,7,2019.zip
2018,https://gismaps.vdem.virginia.gov/download/mrsid/2018/South/200/,s13_59.2018.zip,S13_08.2019.zip,S13_08.2019.zip,8,2019.zip
2018,https://gismaps.vdem.virginia.gov/download/mrsid/2018/South/200/,s13_63.2018.zip,s13_13.2019.zip,s13,13,2019.zip
2018,https://gismaps.vdem.virginia.gov/download/mrsid/2018/South/200/,s13_64.2018.zip,s13_14.2019.zip,s13,14,2019.zip
2018,https://gismaps.vdem.virginia.gov/download/mrsid/2018/South/200/,s13_65.2018.zip,s13_15.2019.zip,s13,15,2019.zip
2018,https://gismaps.vdem.virginia.gov/download/mrsid/2018/South/200/,s13_66.2018.zip,s13_16.2019.zip,s13,16,2019.zip
2018,https://gismaps.vdem.virginia.gov/download/mrsid/2018/South/200/,s13_67.2018.zip,s13_17.2019.zip,s13,17,2019.zip
2018,https://gismaps.vdem.virginia.gov/download/mrsid/2018/South/200/,s13_68.2018.zip,s13_18.2019.zip,s13,18,2019.zip
2018,https://gismaps.vdem.virginia.gov/download/mrsid/2018/South/200/,s13_69.2018.zip,s13_23.2019.zip,s13,23,2019.zip
2018,https://gismaps.vdem.virginia.gov/download/mrsid/2018/South/200/,s13_73.2018.zip,s13_24.2019.zip,s13,24,2019.zip
2018,https://gismaps.vdem.virginia.gov/download/mrsid/2018/South/200/,s13_74.2018.zip,s13_25.2019.zip,s13,25,2019.zip
2018,https://gismaps.vdem.virginia.gov/download/mrsid/2018/South/200/,s13_75.2018.zip,s13_34.2019.zip,s13,34,2019.zip
2018,https://gismaps.vdem.virginia.gov/download/mrsid/2018/South/200/,s13_76.2018.zip,s13_35.2019.zip,s13,35,2019.zip
2018,https://gismaps.vdem.virginia.gov/download/mrsid/2018/South/200/,s13_78.2018.zip,s93_94.2019.zip,s93,94,2019.zip
2018,https://gismaps.vdem.virginia.gov/download/mrsid/2018/South/200/,s13_79.2018.zip,,,,
2019,https://gismaps.vdem.virginia.gov/download/mrsid/2019/North/050/,n16_89.2019.zip,,,,
2019,https://gismaps.vdem.virginia.gov/download/mrsid/2019/North/050/,n16_99.2019.zip,,,,
2019,https://gismaps.vdem.virginia.gov/download/mrsid/2019/North/050/,n17_80.2019.zip,,,,
2019,https://gismaps.vdem.virginia.gov/download/mrsid/2019/,PLEASE_READ_VBMP_Imagery_usage.txt,,,,
2019,https://gismaps.vdem.virginia.gov/download/mrsid/2019/,VBMP_2019_Flight_Dates_Shapefiles.zip,,,,
2019,https://gismaps.vdem.virginia.gov/download/mrsid/2019/,VBMP_2019_Metadata.zip,,,,
2019,https://gismaps.vdem.virginia.gov/download/mrsid/2019/,VBMP_2019_Tile_Index_shapefiles.zip,,,,
2019,https://gismaps.vdem.virginia.gov/download/mrsid/2019/South/050/,s03_54.2019.zip,,,,
2019,https://gismaps.vdem.virginia.gov/download/mrsid/2019/South/050/,s03_64.2019.zip,,,,
2019,https://gismaps.vdem.virginia.gov/download/mrsid/2019/South/100/,s03_24.2019.zip,,,,
2019,https://gismaps.vdem.virginia.gov/download/mrsid/2019/South/100/,s03_33.2019.zip,,,,
2019,https://gismaps.vdem.virginia.gov/download/mrsid/2019/South/100/,s03_34.2019.zip,,,,
2019,https://gismaps.vdem.virginia.gov/download/mrsid/2019/South/100/,s03_43.2019.zip,,,,
2019,https://gismaps.vdem.virginia.gov/download/mrsid/2019/South/100/,s03_44.2019.zip,,,,
2019,https://gismaps.vdem.virginia.gov/download/mrsid/2019/South/100/,s03_54.2019.zip,,,,
2019,https://gismaps.vdem.virginia.gov/download/mrsid/2019/South/100/,s03_73.2019.zip,,,,
2019,https://gismaps.vdem.virginia.gov/download/mrsid/2019/South/100/,s03_74.2019.zip,,,,
2019,https://gismaps.vdem.virginia.gov/download/mrsid/2019/South/100/,s03_75.2019.zip,,,,
2019,https://gismaps.vdem.virginia.gov/download/mrsid/2019/South/100/,s03_84.2019.zip,,,,
2019,https://gismaps.vdem.virginia.gov/download/mrsid/2019/South/100/,s03_85.2019.zip,,,,
2019,https://gismaps.vdem.virginia.gov/download/mrsid/2019/South/100/,s03_95.2019.zip,,,,
2019,https://gismaps.vdem.virginia.gov/download/mrsid/2019/South/100/,s13_26.2019.zip,,,,
2019,https://gismaps.vdem.virginia.gov/download/mrsid/2019/South/100/,s13_27.2019.zip,,,,
2019,https://gismaps.vdem.virginia.gov/download/mrsid/2019/South/100/,s13_36.2019.zip,,,,
2019,https://gismaps.vdem.virginia.gov/download/mrsid/2019/South/200/,s03_04.2019.zip,,,,
2019,https://gismaps.vdem.virginia.gov/download/mrsid/2019/South/200/,s03_14.2019.zip,,,,
2019,https://gismaps.vdem.virginia.gov/download/mrsid/2019/South/200/,s03_15.2019.zip,,,,
2019,https://gismaps.vdem.virginia.gov/download/mrsid/2019/South/200/,s03_24.2019.zip,,,,
2019,https://gismaps.vdem.virginia.gov/download/mrsid/2019/South/200/,s03_25.2019.zip,,,,
2019,https://gismaps.vdem.virginia.gov/download/mrsid/2019/South/200/,s03_26.2019.zip,,,,
2019,https://gismaps.vdem.virginia.gov/download/mrsid/2019/South/200/,s03_33.2019.zip,,,,
2019,https://gismaps.vdem.virginia.gov/download/mrsid/2019/South/200/,s03_34.2019.zip,,,,
2019,https://gismaps.vdem.virginia.gov/download/mrsid/2019/South/200/,s03_35.2019.zip,,,,
2019,https://gismaps.vdem.virginia.gov/download/mrsid/2019/South/200/,s03_36.2019.zip,,,,
2019,https://gismaps.vdem.virginia.gov/download/mrsid/2019/South/200/,s03_43.2019.zip,,,,
2019,https://gismaps.vdem.virginia.gov/download/mrsid/2019/South/200/,s03_44.2019.zip,,,,
2019,https://gismaps.vdem.virginia.gov/download/mrsid/2019/South/200/,s03_45.2019.zip,,,,
2019,https://gismaps.vdem.virginia.gov/download/mrsid/2019/South/200/,s03_46.2019.zip,,,,
2019,https://gismaps.vdem.virginia.gov/download/mrsid/2019/South/200/,s03_47.2019.zip,,,,
2019,https://gismaps.vdem.virginia.gov/download/mrsid/2019/South/200/,s03_53.2019.zip,,,,
2019,https://gismaps.vdem.virginia.gov/download/mrsid/2019/South/200/,s03_54.2019.zip,,,,
2019,https://gismaps.vdem.virginia.gov/download/mrsid/2019/South/200/,s03_55.2019.zip,,,,
2019,https://gismaps.vdem.virginia.gov/download/mrsid/2019/South/200/,s03_56.2019.zip,,,,
2019,https://gismaps.vdem.virginia.gov/download/mrsid/2019/South/200/,s03_63.2019.zip,,,,
2019,https://gismaps.vdem.virginia.gov/download/mrsid/2019/South/200/,s03_64.2019.zip,,,,
2019,https://gismaps.vdem.virginia.gov/download/mrsid/2019/South/200/,s03_65.2019.zip,,,,
2019,https://gismaps.vdem.virginia.gov/download/mrsid/2019/South/200/,s03_66.2019.zip,,,,
2019,https://gismaps.vdem.virginia.gov/download/mrsid/2019/South/200/,s03_73.2019.zip,,,,
2019,https://gismaps.vdem.virginia.gov/download/mrsid/2019/South/200/,s03_74.2019.zip,,,,
2019,https://gismaps.vdem.virginia.gov/download/mrsid/2019/South/200/,s03_75.2019.zip,,,,
2019,https://gismaps.vdem.virginia.gov/download/mrsid/2019/South/200/,s03_76.2019.zip,,,,
2019,https://gismaps.vdem.virginia.gov/download/mrsid/2019/South/200/,s03_83.2019.zip,,,,
2019,https://gismaps.vdem.virginia.gov/download/mrsid/2019/South/200/,s03_84.2019.zip,,,,
2019,https://gismaps.vdem.virginia.gov/download/mrsid/2019/South/200/,s03_85.2019.zip,,,,
2019,https://gismaps.vdem.virginia.gov/download/mrsid/2019/South/200/,s03_86.2019.zip,,,,
2019,https://gismaps.vdem.virginia.gov/download/mrsid/2019/South/200/,s03_87.2019.zip,,,,
2019,https://gismaps.vdem.virginia.gov/download/mrsid/2019/South/200/,s03_93.2019.zip,,,,
2019,https://gismaps.vdem.virginia.gov/download/mrsid/2019/South/200/,s03_94.2019.zip,,,,
2019,https://gismaps.vdem.virginia.gov/download/mrsid/2019/South/200/,s03_95.2019.zip,,,,
2019,https://gismaps.vdem.virginia.gov/download/mrsid/2019/South/200/,s03_96.2019.zip,,,,
2019,https://gismaps.vdem.virginia.gov/download/mrsid/2019/South/200/,s03_97.2019.zip,,,,
2019,https://gismaps.vdem.virginia.gov/download/mrsid/2019/South/200/,s03_98.2019.zip,,,,
2019,https://gismaps.vdem.virginia.gov/download/mrsid/2019/South/200/,s13_03.2019.zip,,,,
2019,https://gismaps.vdem.virginia.gov/download/mrsid/2019/South/200/,S13_04.2019.zip,,,,
2019,https://gismaps.vdem.virginia.gov/download/mrsid/2019/South/200/,S13_05.2019.zip,,,,
2019,https://gismaps.vdem.virginia.gov/download/mrsid/2019/South/200/,S13_06.2019.zip,,,,
2019,https://gismaps.vdem.virginia.gov/download/mrsid/2019/South/200/,S13_07.2019.zip,,,,
2019,https://gismaps.vdem.virginia.gov/download/mrsid/2019/South/200/,S13_08.2019.zip,,,,
2019,https://gismaps.vdem.virginia.gov/download/mrsid/2019/South/200/,s13_13.2019.zip,,,,
2019,https://gismaps.vdem.virginia.gov/download/mrsid/2019/South/200/,s13_14.2019.zip,,,,
2019,https://gismaps.vdem.virginia.gov/download/mrsid/2019/South/200/,s13_15.2019.zip,,,,
2019,https://gismaps.vdem.virginia.gov/download/mrsid/2019/South/200/,s13_16.2019.zip,,,,
2019,https://gismaps.vdem.virginia.gov/download/mrsid/2019/South/200/,s13_17.2019.zip,,,,
2019,https://gismaps.vdem.virginia.gov/download/mrsid/2019/South/200/,s13_18.2019.zip,,,,
2019,https://gismaps.vdem.virginia.gov/download/mrsid/2019/South/200/,s13_23.2019.zip,,,,
2019,https://gismaps.vdem.virginia.gov/download/mrsid/2019/South/200/,s13_24.2019.zip,,,,
2019,https://gismaps.vdem.virginia.gov/download/mrsid/2019/South/200/,s13_25.2019.zip,,,,
2019,https://gismaps.vdem.virginia.gov/download/mrsid/2019/South/200/,s13_34.2019.zip,,,,
2019,https://gismaps.vdem.virginia.gov/download/mrsid/2019/South/200/,s13_35.2019.zip,,,,
2019,https://gismaps.vdem.virginia.gov/download/mrsid/2019/South/200/,s93_94.2019.zip,,,,
2021,https://gismaps.vdem.virginia.gov/download/mrsid/2021/North/050/,N16_78.2021.zip,,,,
2021,https://gismaps.vdem.virginia.gov/download/mrsid/2021/North/050/,N16_89.2021.zip,,,,
2021,https://gismaps.vdem.virginia.gov/download/mrsid/2021/North/050/,N16_99.2021.zip,,,,
2021,https://gismaps.vdem.virginia.gov/download/mrsid/2021/North/050/,N17_80.2021.zip,,,,
2021,https://gismaps.vdem.virginia.gov/download/mrsid/2021/North/100/,N16_66.2021.zip,,,,
2021,https://gismaps.vdem.virginia.gov/download/mrsid/2021/North/100/,N16_67.2021.zip,,,,
2021,https://gismaps.vdem.virginia.gov/download/mrsid/2021/North/100/,N16_76.2021.zip,,,,
2021,https://gismaps.vdem.virginia.gov/download/mrsid/2021/North/100/,N16_77_Center.2021.zip,,,,
2021,https://gismaps.vdem.virginia.gov/download/mrsid/2021/North/100/,N16_77_East.2021.zip,,,,
2021,https://gismaps.vdem.virginia.gov/download/mrsid/2021/North/100/,N16_77_West.2021.zip,,,,
2021,https://gismaps.vdem.virginia.gov/download/mrsid/2021/North/100/,N16_78.2021.zip,,,,
2021,https://gismaps.vdem.virginia.gov/download/mrsid/2021/North/100/,N16_79.2021.zip,,,,
2021,https://gismaps.vdem.virginia.gov/download/mrsid/2021/North/100/,N16_87.2021.zip,,,,
2021,https://gismaps.vdem.virginia.gov/download/mrsid/2021/North/100/,N16_88.2021.zip,,,,
2021,https://gismaps.vdem.virginia.gov/download/mrsid/2021/North/200/,N16_66.2021.zip,N16_66.2021.zip,N16,66,2021.zip
2021,https://gismaps.vdem.virginia.gov/download/mrsid/2021/North/200/,N16_67.2021.zip,N16_67.2021.zip,N16,67,2021.zip
2021,https://gismaps.vdem.virginia.gov/download/mrsid/2021/North/200/,N16_76.2021.zip,N16_76.2021.zip,N16,76,2021.zip
2021,https://gismaps.vdem.virginia.gov/download/mrsid/2021/North/200/,N16_77.2021.zip,N16_77.2021.zip,N16,77,2021.zip
2021,https://gismaps.vdem.virginia.gov/download/mrsid/2021/North/200/,N16_78.2021.zip,N16_78.2021.zip,N16,78,2021.zip
2021,https://gismaps.vdem.virginia.gov/download/mrsid/2021/North/200/,N16_79.2021.zip,N16_79.2021.zip,N16,79,2021.zip
2021,https://gismaps.vdem.virginia.gov/download/mrsid/2021/North/200/,N16_86.2021.zip,N16_86.2021.zip,N16,86,2021.zip
2021,https://gismaps.vdem.virginia.gov/download/mrsid/2021/North/200/,N16_87.2021.zip,N16_87.2021.zip,N16,87,2021.zip
2021,https://gismaps.vdem.virginia.gov/download/mrsid/2021/North/200/,N16_88.2021.zip,N16_88.2021.zip,N16,88,2021.zip
2021,https://gismaps.vdem.virginia.gov/download/mrsid/2021/North/200/,N16_89.2021.zip,N16_89.2021.zip,N16,89,2021.zip
2021,https://gismaps.vdem.virginia.gov/download/mrsid/2021/North/200/,N16_96.2021.zip,N16_96.2021.zip,N16,96,2021.zip
2021,https://gismaps.vdem.virginia.gov/download/mrsid/2021/North/200/,N16_97.2021.zip,N16_97.2021.zip,N16,97,2021.zip
2021,https://gismaps.vdem.virginia.gov/download/mrsid/2021/North/200/,N16_98.2021.zip,N16_98.2021.zip,N16,98,2021.zip
2021,https://gismaps.vdem.virginia.gov/download/mrsid/2021/North/200/,N16_99.2021.zip,N16_99.2021.zip,N16,99,2021.zip
2021,https://gismaps.vdem.virginia.gov/download/mrsid/2021/North/200/,N17_60.2021.zip,N17_60.2021.zip,N17,60,2021.zip
2021,https://gismaps.vdem.virginia.gov/download/mrsid/2021/North/200/,N17_61.2021.zip,N17_61.2021.zip,N17,61,2021.zip
2021,https://gismaps.vdem.virginia.gov/download/mrsid/2021/North/200/,N17_70.2021.zip,N17_70.2021.zip,N17,70,2021.zip
2021,https://gismaps.vdem.virginia.gov/download/mrsid/2021/North/200/,N17_71.2021.zip,N17_71.2021.zip,N17,71,2021.zip
2021,https://gismaps.vdem.virginia.gov/download/mrsid/2021/North/200/,N17_80.2021.zip,N17_80.2021.zip,N17,80,2021.zip
2021,https://gismaps.vdem.virginia.gov/download/mrsid/2021/North/200/,N26_06.2021.zip,N26_06.2021.zip,N26,,
2021,https://gismaps.vdem.virginia.gov/download/mrsid/2021/North/200/,N26_06.2021.zip,N26_06.2021.zip,,,
2021,https://gismaps.vdem.virginia.gov/download/mrsid/2021/,PLEASE_READ_VBMP_Imagery_usage.txt,,,,
2021,https://gismaps.vdem.virginia.gov/download/mrsid/2021/,VBMP_2021_Flight_Dates_Shapefiles.zip,,,,
2021,https://gismaps.vdem.virginia.gov/download/mrsid/2021/,VBMP_2021_Metadata.zip,,,,
2021,https://gismaps.vdem.virginia.gov/download/mrsid/2021/,VBMP_2021_Tile_Index_shapefiles.zip,,,,
2021,https://gismaps.vdem.virginia.gov/download/mrsid/2021/South/100/,S13_57.2021.zip,S13_57.2021.zip,S13,57,2021.zip
2021,https://gismaps.vdem.virginia.gov/download/mrsid/2021/South/100/,S13_58.2021.zip,S13_58.2021.zip,S13,58,2021.zip
2021,https://gismaps.vdem.virginia.gov/download/mrsid/2021/South/100/,S13_66.2021.zip,S13_66.2021.zip,S13,66,2021.zip
2021,https://gismaps.vdem.virginia.gov/download/mrsid/2021/South/100/,S13_67_East.2021.zip,S13_67_East.2021.zip,S13,67_East,2021.zip
2021,https://gismaps.vdem.virginia.gov/download/mrsid/2021/South/100/,S13_67_West.2021.zip,S13_67_West.2021.zip,S13,67_West,2021.zip
2021,https://gismaps.vdem.virginia.gov/download/mrsid/2021/South/100/,S13_68.2021.zip,S13_68.2021.zip,S13,68,2021.zip
2021,https://gismaps.vdem.virginia.gov/download/mrsid/2021/South/100/,S13_69.2021.zip,S13_69.2021.zip,S13,69,2021.zip
2021,https://gismaps.vdem.virginia.gov/download/mrsid/2021/South/100/,S13_73.2021.zip,S13_73.2021.zip,S13,73,2021.zip
2021,https://gismaps.vdem.virginia.gov/download/mrsid/2021/South/100/,S13_74.2021.zip,S13_74.2021.zip,S13,74,2021.zip
2021,https://gismaps.vdem.virginia.gov/download/mrsid/2021/South/100/,S13_75.2021.zip,S13_75.2021.zip,S13,75,2021.zip
2021,https://gismaps.vdem.virginia.gov/download/mrsid/2021/South/100/,S13_76_Center.2021.zip,S13_76_Center.2021.zip,S13,76_Center,2021.zip
2021,https://gismaps.vdem.virginia.gov/download/mrsid/2021/South/100/,S13_76_East.2021.zip,S13_76_East.2021.zip,S13,76_East,2021.zip
2021,https://gismaps.vdem.virginia.gov/download/mrsid/2021/South/100/,S13_76_West.2021.zip,S13_76_West.2021.zip,S13,76_West,2021.zip
2021,https://gismaps.vdem.virginia.gov/download/mrsid/2021/South/100/,S13_77_Center.2021.zip,S13_77_Center.2021.zip,S13,77_Center,2021.zip
2021,https://gismaps.vdem.virginia.gov/download/mrsid/2021/South/100/,S13_77_East.2021.zip,S13_77_East.2021.zip,S13,77_East,2021.zip
2021,https://gismaps.vdem.virginia.gov/download/mrsid/2021/South/100/,S13_77_West.2021.zip,S13_77_West.2021.zip,S13,77_West,2021.zip
2021,https://gismaps.vdem.virginia.gov/download/mrsid/2021/South/100/,S13_78.2021.zip,S13_78.2021.zip,S13,78,2021.zip
2021,https://gismaps.vdem.virginia.gov/download/mrsid/2021/South/100/,S13_79.2021.zip,S13_79.2021.zip,S13,79,2021.zip
2021,https://gismaps.vdem.virginia.gov/download/mrsid/2021/South/100/,S13_86_East.2021.zip,S13_86_East.2021.zip,S13,86_East,2021.zip
2021,https://gismaps.vdem.virginia.gov/download/mrsid/2021/South/100/,S13_86_West.2021.zip,S13_86_West.2021.zip,S13,86_West,2021.zip
2021,https://gismaps.vdem.virginia.gov/download/mrsid/2021/South/100/,S13_87_East.2021.zip,S13_87_East.2021.zip,S13,87_East,2021.zip
2021,https://gismaps.vdem.virginia.gov/download/mrsid/2021/South/100/,S13_87_West.2021.zip,S13_87_West.2021.zip,S13,87_West,2021.zip
2021,https://gismaps.vdem.virginia.gov/download/mrsid/2021/South/100/,S13_95.2021.zip,S13_95.2021.zip,S13,95,2021.zip
2021,https://gismaps.vdem.virginia.gov/download/mrsid/2021/South/100/,S13_96_East.2021.zip,S13_96_East.2021.zip,S13,96_East,2021.zip
2021,https://gismaps.vdem.virginia.gov/download/mrsid/2021/South/100/,S13_96_West.2021.zip,S13_96_West.2021.zip,S13,96_West,2021.zip
2021,https://gismaps.vdem.virginia.gov/download/mrsid/2021/South/100/,S13_97.2021.zip,S13_97.2021.zip,S13,97,2021.zip
2021,https://gismaps.vdem.virginia.gov/download/mrsid/2021/South/100/,S23_05.2021.zip,S23_05.2021.zip,S23_05.2021.zip,5,2021.zip
2021,https://gismaps.vdem.virginia.gov/download/mrsid/2021/South/100/,S23_06.2021.zip,S23_06.2021.zip,S23_06.2021.zip,6,2021.zip
2021,https://gismaps.vdem.virginia.gov/download/mrsid/2021/South/100/,S23_15.2021.zip,S23_15.2021.zip,S23_15.2021.zip,15,2021.zip
2021,https://gismaps.vdem.virginia.gov/download/mrsid/2021/South/200/,S13_56.2021.zip,,,,
2021,https://gismaps.vdem.virginia.gov/download/mrsid/2021/South/200/,S13_57.2021.zip,,,,
2021,https://gismaps.vdem.virginia.gov/download/mrsid/2021/South/200/,S13_58.2021.zip,,,,
2021,https://gismaps.vdem.virginia.gov/download/mrsid/2021/South/200/,S13_63.2021.zip,S13_56.2021.zip,S13,56,2021.zip
2021,https://gismaps.vdem.virginia.gov/download/mrsid/2021/South/200/,S13_65.2021.zip,S13_57.2021.zip,S13,57,2021.zip
2021,https://gismaps.vdem.virginia.gov/download/mrsid/2021/South/200/,S13_66.2021.zip,S13_58.2021.zip,S13,58,2021.zip
2021,https://gismaps.vdem.virginia.gov/download/mrsid/2021/South/200/,S13_67.2021.zip,S13_63.2021.zip,S13,63,2021.zip
2021,https://gismaps.vdem.virginia.gov/download/mrsid/2021/South/200/,S13_68.2021.zip,S13_65.2021.zip,S13,65,2021.zip
2021,https://gismaps.vdem.virginia.gov/download/mrsid/2021/South/200/,S13_73.2021.zip,S13_66.2021.zip,S13,66,2021.zip
2021,https://gismaps.vdem.virginia.gov/download/mrsid/2021/South/200/,S13_74.2021.zip,S13_67.2021.zip,S13,67,2021.zip
2021,https://gismaps.vdem.virginia.gov/download/mrsid/2021/South/200/,S13_75.2021.zip,S13_68.2021.zip,S13,68,2021.zip
2021,https://gismaps.vdem.virginia.gov/download/mrsid/2021/South/200/,S13_76.2021.zip,S13_73.2021.zip,S13,73,2021.zip
2021,https://gismaps.vdem.virginia.gov/download/mrsid/2021/South/200/,S13_77.2021.zip,S13_74.2021.zip,S13,74,2021.zip
2021,https://gismaps.vdem.virginia.gov/download/mrsid/2021/South/200/,S13_78.2021.zip,S13_75.2021.zip,S13,75,2021.zip
2021,https://gismaps.vdem.virginia.gov/download/mrsid/2021/South/200/,S13_83.2021.zip,S13_76.2021.zip,S13,76,2021.zip
2021,https://gismaps.vdem.virginia.gov/download/mrsid/2021/South/200/,S13_84.2021.zip,S13_77.2021.zip,S13,77,2021.zip
2021,https://gismaps.vdem.virginia.gov/download/mrsid/2021/South/200/,S13_85.2021.zip,S13_78.2021.zip,S13,78,2021.zip
2021,https://gismaps.vdem.virginia.gov/download/mrsid/2021/South/200/,S13_86.2021.zip,S13_83.2021.zip,S13,83,2021.zip
2021,https://gismaps.vdem.virginia.gov/download/mrsid/2021/South/200/,S13_87.2021.zip,S13_84.2021.zip,S13,84,2021.zip
2021,https://gismaps.vdem.virginia.gov/download/mrsid/2021/South/200/,S13_88.2021.zip,S13_85.2021.zip,S13,85,2021.zip
2021,https://gismaps.vdem.virginia.gov/download/mrsid/2021/South/200/,S13_89.2021.zip,S13_86.2021.zip,S13,86,2021.zip
2021,https://gismaps.vdem.virginia.gov/download/mrsid/2021/South/200/,S13_93.2021.zip,S13_87.2021.zip,S13,87,2021.zip
2021,https://gismaps.vdem.virginia.gov/download/mrsid/2021/South/200/,S13_94.2021.zip,S13_88.2021.zip,S13,88,2021.zip
2021,https://gismaps.vdem.virginia.gov/download/mrsid/2021/South/200/,S13_95.2021.zip,S13_89.2021.zip,S13,89,2021.zip
2021,https://gismaps.vdem.virginia.gov/download/mrsid/2021/South/200/,S13_96.2021.zip,S13_93.2021.zip,S13,93,2021.zip
2021,https://gismaps.vdem.virginia.gov/download/mrsid/2021/South/200/,S13_97.2021.zip,S13_94.2021.zip,S13,94,2021.zip
2021,https://gismaps.vdem.virginia.gov/download/mrsid/2021/South/200/,S13_98.2021.zip,S13_95.2021.zip,S13,95,2021.zip
2021,https://gismaps.vdem.virginia.gov/download/mrsid/2021/South/200/,S13_99.2021.zip,S13_96.2021.zip,S13,96,2021.zip
2021,https://gismaps.vdem.virginia.gov/download/mrsid/2021/South/200/,S23_03.2021.zip,S13_97.2021.zip,S13,97,2021.zip
2021,https://gismaps.vdem.virginia.gov/download/mrsid/2021/South/200/,S23_03.2021.zip,S13_98.2021.zip,S13,98,2021.zip
2021,https://gismaps.vdem.virginia.gov/download/mrsid/2021/South/200/,S23_03.2021.zip,S13_99.2021.zip,S13,99,2021.zip
2021,https://gismaps.vdem.virginia.gov/download/mrsid/2021/South/200/,S23_03.2021.zip,S23_03.2021.zip,S23_03.2021.zip,,
2021,https://gismaps.vdem.virginia.gov/download/mrsid/2021/South/200/,S23_03.2021.zip,S23_03.2021.zip,,,
2021,https://gismaps.vdem.virginia.gov/download/mrsid/2021/South/200/,S23_03.2021.zip,S23_03.2021.zip,,,
2021,https://gismaps.vdem.virginia.gov/download/mrsid/2021/South/200/,S23_03.2021.zip,S23_03.2021.zip,,,
2021,https://gismaps.vdem.virginia.gov/download/mrsid/2021/South/200/,S23_13.2021.zip,S23_03.2021.zip,,,
2021,https://gismaps.vdem.virginia.gov/download/mrsid/2021/South/200/,S23_14.2021.zip,S23_03.2021.zip,,,
2021,https://gismaps.vdem.virginia.gov/download/mrsid/2021/South/200/,S23_15.2021.zip,S23_03.2021.zip,,,
2021,https://gismaps.vdem.virginia.gov/download/mrsid/2021/South/200/,S23_16.2021.zip,S23_13.2021.zip,S23,13,2021.zip
2021,https://gismaps.vdem.virginia.gov/download/mrsid/2021/South/200/,S23_17.2021.zip,S23_14.2021.zip,S23,14,2021.zip
2021,https://gismaps.vdem.virginia.gov/download/mrsid/2021/South/200/,S23_18.2021.zip,S23_15.2021.zip,S23,15,2021.zip
2021,https://gismaps.vdem.virginia.gov/download/mrsid/2021/South/200/,S23_23.2021.zip,S23_16.2021.zip,S23,16,2021.zip
2021,https://gismaps.vdem.virginia.gov/download/mrsid/2021/South/200/,S23_24.2021.zip,S23_17.2021.zip,S23,17,2021.zip
2021,https://gismaps.vdem.virginia.gov/download/mrsid/2021/South/200/,S23_25.2021.zip,S23_18.2021.zip,S23,18,2021.zip
2021,https://gismaps.vdem.virginia.gov/download/mrsid/2021/South/200/,S23_26.2021.zip,S23_23.2021.zip,S23,23,2021.zip
2021,https://gismaps.vdem.virginia.gov/download/mrsid/2021/South/200/,S23_27.2021.zip,S23_24.2021.zip,S23,24,2021.zip
2021,https://gismaps.vdem.virginia.gov/download/mrsid/2021/South/200/,S23_28.2021.zip,S23_25.2021.zip,S23,25,2021.zip
2021,https://gismaps.vdem.virginia.gov/download/mrsid/2021/South/200/,S23_36.2021.zip,S23_26.2021.zip,S23,26,2021.zip
2021,https://gismaps.vdem.virginia.gov/download/mrsid/2021/South/200/,S23_37.2021.zip,S23_27.2021.zip,S23,27,2021.zip
2021,https://gismaps.vdem.virginia.gov/download/mrsid/2021/South/200/,S23_38.2021.zip,S23_28.2021.zip,S23,28,2021.zip
2021,https://gismaps.vdem.virginia.gov/download/mrsid/2021/South/200/,S23_39.2021.zip,S23_36.2021.zip,S23,36,2021.zip
2021,https://gismaps.vdem.virginia.gov/download/mrsid/2021/South/200/,S23_48.2021.zip,S23_37.2021.zip,S23,37,2021.zip
2021,https://gismaps.vdem.virginia.gov/download/mrsid/2021/South/200/,S23_49.2021.zip,S23_38.2021.zip,S23,38,2021.zip
,,,S23_39.2021.zip,S23,39,2021.zip
,,,S23_48.2021.zip,S23,48,2021.zip
,,,S23_49.2021.zip,S23,49,2021.zip
